{"0.25": [0.851063829787234, 0.9468085106382979, 0.9361702127659575, 0.9308510638297872, 0.9680851063829787, 0.9361702127659575, 0.9468085106382979, 0.9414893617021277, 0.9414893617021277, 0.9468085106382979], "0.3333333333333333": [0.9095744680851063, 0.9148936170212766, 0.9521276595744681, 0.9095744680851063, 0.9521276595744681, 0.9095744680851063, 0.9414893617021277, 0.9095744680851063, 0.9468085106382979, 0.9627659574468085], "0.5": [0.8563829787234043, 0.9042553191489362, 0.9361702127659575, 0.9042553191489362, 0.898936170212766, 0.9521276595744681, 0.8829787234042553, 0.9308510638297872, 0.9414893617021277, 0.9521276595744681], "0.6666666666666666": [0.8723404255319149, 0.9361702127659575, 0.9414893617021277, 0.9202127659574468, 0.9202127659574468, 0.9468085106382979, 0.9042553191489362, 0.925531914893617, 0.9468085106382979, 0.9361702127659575]}