{"0.1": [0.9122807017543859, 0.8596491228070176, 0.9298245614035088, 0.9298245614035088, 0.9298245614035088, 0.9298245614035088, 0.9649122807017544, 0.9473684210526315, 0.9298245614035088, 0.9473684210526315], "0.2": [0.9035087719298246, 0.9122807017543859, 0.9210526315789473, 0.8771929824561403, 0.9736842105263158, 0.9210526315789473, 0.9298245614035088, 0.9473684210526315, 0.9385964912280702, 0.956140350877193], "0.3": [0.9239766081871345, 0.9473684210526315, 0.9473684210526315, 0.9122807017543859, 0.9415204678362573, 0.935672514619883, 0.9649122807017544, 0.9239766081871345, 0.9298245614035088, 0.9649122807017544], "0.4": [0.8508771929824561, 0.9078947368421053, 0.9342105263157895, 0.9166666666666666, 0.9517543859649122, 0.9342105263157895, 0.9385964912280702, 0.9385964912280702, 0.9298245614035088, 0.9429824561403509], "0.5": [0.8982456140350877, 0.887719298245614, 0.9438596491228071, 0.9017543859649123, 0.9508771929824561, 0.9122807017543859, 0.9192982456140351, 0.9333333333333333, 0.9403508771929825, 0.9438596491228071]}