{"0.05": [0.898936170212766, 0.8617021276595744, 0.8936170212765957, 0.8670212765957447, 0.9202127659574468, 0.8882978723404256, 0.8617021276595744, 0.9202127659574468, 0.898936170212766, 0.898936170212766], "0.1": [0.7712765957446809, 0.8404255319148937, 0.8563829787234043, 0.8031914893617021, 0.8457446808510638, 0.8297872340425532, 0.8297872340425532, 0.8936170212765957, 0.8457446808510638, 0.8776595744680851], "0.15": [0.7659574468085106, 0.824468085106383, 0.7393617021276596, 0.7553191489361702, 0.7978723404255319, 0.7925531914893617, 0.7659574468085106, 0.8138297872340425, 0.8085106382978723, 0.7819148936170213], "0.2": [0.7553191489361702, 0.7127659574468085, 0.7393617021276596, 0.7180851063829787, 0.7393617021276596, 0.7180851063829787, 0.7819148936170213, 0.75, 0.7712765957446809, 0.7393617021276596], "0.3": [0.6117021276595744, 0.6861702127659575, 0.6595744680851063, 0.6808510638297872, 0.601063829787234, 0.648936170212766, 0.6968085106382979, 0.6436170212765957, 0.6702127659574468, 0.6436170212765957]}